date,rainfall_departure_pct
1901-01-01,118.25
1901-02-01,90.08
1901-03-01,-25.07
1901-04-01,6.63
1901-05-01,-17.39
1901-06-01,-14.56
1901-07-01,-13.49
1901-08-01,3.82
1901-09-01,-29.45
1901-10-01,-22.63
1901-11-01,58.29
1901-12-01,-41.01
1902-01-01,-47.2
1902-02-01,-61.03
1902-03-01,-25.59
1902-04-01,5.21
1902-05-01,-15.51
1902-06-01,-25.89
1902-07-01,4.32
1902-08-01,-17.38
1902-09-01,36.01
1902-10-01,-8.97
1902-11-01,6.23
1902-12-01,80.92
1903-01-01,4.42
1903-02-01,-32.7
1903-03-01,-5.61
1903-04-01,-60.98
1903-05-01,-5.9
1903-06-01,-24.5
1903-07-01,7.57
1903-08-01,3.19
1903-09-01,13.93
1903-10-01,31.59
1903-11-01,17.98
1903-12-01,21.24
1904-01-01,-27.52
1904-02-01,-55.93
1904-03-01,2.57
1904-04-01,-4.83
1904-05-01,8.43
1904-06-01,4.26
1904-07-01,-7.32
1904-08-01,-25.23
1904-09-01,-11.96
1904-10-01,-11.24
1904-11-01,-51.71
1904-12-01,-19.39
1905-01-01,43.77
1905-02-01,-3.91
1905-03-01,45.41
1905-04-01,-20.11
1905-05-01,-10.35
1905-06-01,-27.65
1905-07-01,-14.35
1905-08-01,-14.97
1905-09-01,-5.72
1905-10-01,-17.94
1905-11-01,-60.83
1905-12-01,-7.19
1906-01-01,31.37
1906-02-01,115.08
1906-03-01,-5.27
1906-04-01,-62.74
1906-05-01,-24.93
1906-06-01,2.75
1906-07-01,2.66
1906-08-01,-0.09
1906-09-01,-5.86
1906-10-01,-24.26
1906-11-01,-37.91
1906-12-01,52.54
1907-01-01,21.12
1907-02-01,85.43
1907-03-01,44.23
1907-04-01,53.06
1907-05-01,-36.87
1907-06-01,-8.85
1907-07-01,-10.01
1907-08-01,16.59
1907-09-01,-38.2
1907-10-01,-56.79
1907-11-01,23.02
1907-12-01,11.1
1908-01-01,20.62
1908-02-01,-8.81
1908-03-01,-72.79
1908-04-01,-14.36
1908-05-01,-14.84
1908-06-01,-16.42
1908-07-01,17.33
1908-08-01,12.59
1908-09-01,-7.13
1908-10-01,-44.51
1908-11-01,-60.81
1908-12-01,-27.59
1909-01-01,51.15
1909-02-01,-36.89
1909-03-01,-73.72
1909-04-01,49.79
1909-05-01,-18.75
1909-06-01,18.61
1909-07-01,5.88
1909-08-01,-9.22
1909-09-01,-7.09
1909-10-01,-43.31
1909-11-01,-62.85
1909-12-01,52.15
1910-01-01,-22.35
1910-02-01,-53.21
1910-03-01,-30.14
1910-04-01,-27.98
1910-05-01,-31.35
1910-06-01,23.44
1910-07-01,-14.64
1910-08-01,9.59
1910-09-01,19.14
1910-10-01,38.63
1910-11-01,23.51
1910-12-01,-53.99
1911-01-01,140.61
1911-02-01,-80.26
1911-03-01,57.53
1911-04-01,-36.75
1911-05-01,-18.22
1911-06-01,13.33
1911-07-01,-33.84
1911-08-01,-19.81
1911-09-01,0.12
1911-10-01,2.66
1911-11-01,24.59
1911-12-01,23.09
1912-01-01,103.63
1912-02-01,-6.0
1912-03-01,-25.79
1912-04-01,6.48
1912-05-01,-28.83
1912-06-01,-19.91
1912-07-01,14.98
1912-08-01,1.29
1912-09-01,-27.04
1912-10-01,-9.74
1912-11-01,47.91
1912-12-01,-62.56
1913-01-01,-46.62
1913-02-01,71.4
1913-03-01,-9.55
1913-04-01,-37.42
1913-05-01,9.85
1913-06-01,23.09
1913-07-01,-3.53
1913-08-01,-27.32
1913-09-01,-29.23
1913-10-01,-0.31
1913-11-01,-44.07
1913-12-01,41.97
1914-01-01,-78.08
1914-02-01,23.28
1914-03-01,-8.37
1914-04-01,5.25
1914-05-01,-1.13
1914-06-01,-6.42
1914-07-01,24.42
1914-08-01,1.2
1914-09-01,15.49
1914-10-01,-29.49
1914-11-01,-20.51
1914-12-01,99.48
1915-01-01,17.88
1915-02-01,67.36
1915-03-01,60.59
1915-04-01,-10.83
1915-05-01,-3.59
1915-06-01,-7.49
1915-07-01,-15.8
1915-08-01,-15.04
1915-09-01,6.62
1915-10-01,11.93
1915-11-01,44.12
1915-12-01,-1.24
1916-01-01,-74.8
1916-02-01,-17.05
1916-03-01,-59.55
1916-04-01,-6.28
1916-05-01,-1.37
1916-06-01,33.5
1916-07-01,-4.4
1916-08-01,12.02
1916-09-01,31.31
1916-10-01,65.99
1916-11-01,40.38
1916-12-01,-62.75
1917-01-01,-58.3
1917-02-01,83.32
1917-03-01,-13.01
1917-04-01,2.52
1917-05-01,-0.51
1917-06-01,25.33
1917-07-01,-2.92
1917-08-01,10.33
1917-09-01,62.49
1917-10-01,87.58
1917-11-01,-9.25
1917-12-01,-20.1
1918-01-01,-15.39
1918-02-01,-82.68
1918-03-01,30.6
1918-04-01,-5.9
1918-05-01,93.4
1918-06-01,16.66
1918-07-01,-35.45
1918-08-01,-2.24
1918-09-01,-32.18
1918-10-01,-67.01
1918-11-01,42.85
1918-12-01,-1.42
1919-01-01,193.42
1919-02-01,-15.3
1919-03-01,-37.87
1919-04-01,-16.9
1919-05-01,-4.67
1919-06-01,11.25
1919-07-01,6.46
1919-08-01,0.04
1919-09-01,-0.04
1919-10-01,16.11
1919-11-01,60.05
1919-12-01,38.38
1920-01-01,62.36
1920-02-01,3.44
1920-03-01,106.57
1920-04-01,-2.76
1920-05-01,-22.11
1920-06-01,3.12
1920-07-01,0.44
1920-08-01,-22.94
1920-09-01,-15.41
1920-10-01,-23.89
1920-11-01,4.5
1920-12-01,-70.83
1921-01-01,125.73
1921-02-01,-68.05
1921-03-01,-30.96
1921-04-01,21.54
1921-05-01,-11.78
1921-06-01,7.66
1921-07-01,6.89
1921-08-01,10.76
1921-09-01,22.69
1921-10-01,-0.29
1921-11-01,-43.42
1921-12-01,-16.12
1922-01-01,109.52
1922-02-01,-45.11
1922-03-01,-53.03
1922-04-01,9.77
1922-05-01,-18.32
1922-06-01,19.76
1922-07-01,14.97
1922-08-01,-11.23
1922-09-01,21.22
1922-10-01,-20.5
1922-11-01,94.16
1922-12-01,5.96
1923-01-01,35.69
1923-02-01,84.45
1923-03-01,-23.07
1923-04-01,-17.5
1923-05-01,-12.43
1923-06-01,-24.17
1923-07-01,26.37
1923-08-01,5.25
1923-09-01,11.28
1923-10-01,-29.44
1923-11-01,-35.71
1923-12-01,25.02
1924-01-01,29.51
1924-02-01,-8.41
1924-03-01,-52.38
1924-04-01,-13.39
1924-05-01,-5.66
1924-06-01,-5.25
1924-07-01,21.68
1924-08-01,2.73
1924-09-01,39.94
1924-10-01,-14.26
1924-11-01,63.43
1924-12-01,-21.11
1925-01-01,-16.46
1925-02-01,-48.04
1925-03-01,-39.55
1925-04-01,18.02
1925-05-01,50.17
1925-06-01,22.06
1925-07-01,1.3
1925-08-01,-3.17
1925-09-01,-18.0
1925-10-01,-10.18
1925-11-01,24.03
1925-12-01,43.68
1926-01-01,132.98
1926-02-01,-49.53
1926-03-01,98.79
1926-04-01,-4.42
1926-05-01,-8.37
1926-06-01,-30.43
1926-07-01,14.26
1926-08-01,25.7
1926-09-01,19.27
1926-10-01,-21.08
1926-11-01,-53.96
1926-12-01,32.8
1927-01-01,-5.36
1927-02-01,73.88
1927-03-01,-15.88
1927-04-01,2.33
1927-05-01,-5.35
1927-06-01,5.62
1927-07-01,18.86
1927-08-01,-6.11
1927-09-01,7.38
1927-10-01,-9.02
1927-11-01,58.57
1927-12-01,-42.62
1928-01-01,40.41
1928-02-01,86.64
1928-03-01,-20.59
1928-04-01,-11.94
1928-05-01,-8.19
1928-06-01,5.06
1928-07-01,6.26
1928-08-01,-2.13
1928-09-01,-15.16
1928-10-01,60.86
1928-11-01,-32.17
1928-12-01,36.37
1929-01-01,87.3
1929-02-01,6.95
1929-03-01,-29.41
1929-04-01,53.03
1929-05-01,5.68
1929-06-01,22.58
1929-07-01,-1.11
1929-08-01,-8.64
1929-09-01,-21.39
1929-10-01,30.75
1929-11-01,-29.86
1929-12-01,117.08
1930-01-01,39.75
1930-02-01,13.1
1930-03-01,-0.37
1930-04-01,14.16
1930-05-01,-9.32
1930-06-01,10.33
1930-07-01,-7.99
1930-08-01,-16.02
1930-09-01,13.19
1930-10-01,16.25
1930-11-01,55.99
1930-12-01,-0.24
1931-01-01,-31.57
1931-02-01,47.47
1931-03-01,-26.07
1931-04-01,-4.22
1931-05-01,-8.93
1931-06-01,-16.96
1931-07-01,19.86
1931-08-01,22.68
1931-09-01,14.49
1931-10-01,46.69
1931-11-01,15.42
1931-12-01,55.07
1932-01-01,-54.25
1932-02-01,-0.04
1932-03-01,-29.46
1932-04-01,-18.34
1932-05-01,49.83
1932-06-01,-15.35
1932-07-01,12.6
1932-08-01,-5.7
1932-09-01,9.07
1932-10-01,2.23
1932-11-01,73.71
1932-12-01,-6.43
1933-01-01,-7.12
1933-02-01,24.53
1933-03-01,-22.94
1933-04-01,24.89
1933-05-01,78.25
1933-06-01,23.72
1933-07-01,4.05
1933-08-01,17.66
1933-09-01,35.84
1933-10-01,22.63
1933-11-01,-26.78
1933-12-01,1.4
1934-01-01,62.18
1934-02-01,-17.23
1934-03-01,-41.01
1934-04-01,22.78
1934-05-01,-31.93
1934-06-01,28.49
1934-07-01,-1.87
1934-08-01,13.83
1934-09-01,-3.44
1934-10-01,-10.86
1934-11-01,5.75
1934-12-01,-39.73
1935-01-01,57.17
1935-02-01,-3.96
1935-03-01,-36.82
1935-04-01,6.29
1935-05-01,-28.95
1935-06-01,-3.94
1935-07-01,5.09
1935-08-01,0.05
1935-09-01,14.29
1935-10-01,-27.71
1935-11-01,-30.22
1935-12-01,-17.67
1936-01-01,-34.49
1936-02-01,81.74
1936-03-01,38.0
1936-04-01,-12.21
1936-05-01,33.13
1936-06-01,36.79
1936-07-01,4.07
1936-08-01,-6.95
1936-09-01,15.28
1936-10-01,-16.16
1936-11-01,59.14
1936-12-01,56.55
1937-01-01,-63.23
1937-02-01,136.98
1937-03-01,-37.91
1937-04-01,42.06
1937-05-01,-10.52
1937-06-01,-0.88
1937-07-01,21.07
1937-08-01,-18.89
1937-09-01,2.07
1937-10-01,29.5
1937-11-01,-24.48
1937-12-01,86.26
1938-01-01,79.83
1938-02-01,39.8
1938-03-01,13.04
1938-04-01,-1.55
1938-05-01,15.19
1938-06-01,51.44
1938-07-01,4.22
1938-08-01,-2.1
1938-09-01,8.05
1938-10-01,-0.6
1938-11-01,-17.86
1938-12-01,-45.62
1939-01-01,-26.12
1939-02-01,35.23
1939-03-01,-3.69
1939-04-01,5.58
1939-05-01,-29.45
1939-06-01,4.83
1939-07-01,-2.61
1939-08-01,-10.06
1939-09-01,-8.35
1939-10-01,14.93
1939-11-01,0.76
1939-12-01,-72.3
1940-01-01,-27.29
1940-02-01,29.52
1940-03-01,79.1
1940-04-01,-35.11
1940-05-01,14.62
1940-06-01,-1.51
1940-07-01,8.35
1940-08-01,16.62
1940-09-01,-21.02
1940-10-01,-17.01
1940-11-01,29.98
1940-12-01,38.89
1941-01-01,40.75
1941-02-01,-24.8
1941-03-01,-42.73
1941-04-01,-16.72
1941-05-01,28.57
1941-06-01,3.89
1941-07-01,-17.47
1941-08-01,-11.23
1941-09-01,-5.49
1941-10-01,-13.92
1941-11-01,-9.81
1941-12-01,47.44
1942-01-01,25.76
1942-02-01,81.72
1942-03-01,-21.98
1942-04-01,28.72
1942-05-01,-6.23
1942-06-01,18.65
1942-07-01,17.41
1942-08-01,6.93
1942-09-01,4.4
1942-10-01,-48.1
1942-11-01,-48.36
1942-12-01,56.54
1943-01-01,233.74
1943-02-01,-45.17
1943-03-01,1.12
1943-04-01,25.19
1943-05-01,43.95
1943-06-01,5.6
1943-07-01,6.66
1943-08-01,-13.95
1943-09-01,22.77
1943-10-01,15.95
1943-11-01,-35.54
1943-12-01,-68.04
1944-01-01,72.09
1944-02-01,69.72
1944-03-01,88.29
1944-04-01,-18.29
1944-05-01,-7.37
1944-06-01,-7.08
1944-07-01,17.7
1944-08-01,-1.92
1944-09-01,-6.87
1944-10-01,12.76
1944-11-01,-6.39
1944-12-01,-10.06
1945-01-01,105.93
1945-02-01,-50.98
1945-03-01,-37.01
1945-04-01,10.85
1945-05-01,-25.42
1945-06-01,-8.72
1945-07-01,17.73
1945-08-01,-3.17
1945-09-01,21.73
1945-10-01,-1.87
1945-11-01,-39.13
1945-12-01,-62.16
1946-01-01,-63.71
1946-02-01,-22.52
1946-03-01,-7.89
1946-04-01,34.2
1946-05-01,7.09
1946-06-01,22.96
1946-07-01,10.83
1946-08-01,15.25
1946-09-01,-7.36
1946-10-01,7.96
1946-11-01,93.19
1946-12-01,120.54
1947-01-01,27.83
1947-02-01,-10.36
1947-03-01,7.35
1947-04-01,18.89
1947-05-01,-20.34
1947-06-01,-13.01
1947-07-01,12.08
1947-08-01,14.27
1947-09-01,39.92
1947-10-01,-11.78
1947-11-01,-76.22
1947-12-01,41.03
1948-01-01,44.0
1948-02-01,34.98
1948-03-01,37.48
1948-04-01,16.57
1948-05-01,29.39
1948-06-01,-3.37
1948-07-01,19.15
1948-08-01,10.26
1948-09-01,-1.01
1948-10-01,-17.93
1948-11-01,98.74
1948-12-01,-50.95
1949-01-01,-39.1
1949-02-01,23.39
1949-03-01,-21.85
1949-04-01,47.96
1949-05-01,53.45
1949-06-01,-0.18
1949-07-01,19.19
1949-08-01,-2.54
1949-09-01,37.84
1949-10-01,16.75
1949-11-01,-65.51
1949-12-01,-76.65
1950-01-01,51.36
1950-02-01,12.78
1950-03-01,22.75
1950-04-01,-25.91
1950-05-01,-18.38
1950-06-01,-13.71
1950-07-01,18.89
1950-08-01,-8.96
1950-09-01,27.17
1950-10-01,-22.15
1950-11-01,-22.85
1950-12-01,-25.45
1951-01-01,-2.13
1951-02-01,-51.22
1951-03-01,47.32
1951-04-01,45.84
1951-05-01,-11.21
1951-06-01,3.46
1951-07-01,-1.71
1951-08-01,-20.14
1951-09-01,-21.81
1951-10-01,4.47
1951-11-01,7.57
1951-12-01,-4.36
1952-01-01,-42.46
1952-02-01,-13.45
1952-03-01,32.03
1952-04-01,-10.07
1952-05-01,12.37
1952-06-01,1.87
1952-07-01,-4.53
1952-08-01,-0.64
1952-09-01,-30.73
1952-10-01,16.7
1952-11-01,-57.77
1952-12-01,23.44
1953-01-01,78.11
1953-02-01,-39.4
1953-03-01,-7.45
1953-04-01,2.11
1953-05-01,-28.01
1953-06-01,-3.06
1953-07-01,22.33
1953-08-01,5.25
1953-09-01,3.14
1953-10-01,22.24
1953-11-01,-49.9
1953-12-01,-51.14
1954-01-01,104.67
1954-02-01,57.14
1954-03-01,-32.92
1954-04-01,-31.74
1954-05-01,-11.82
1954-06-01,-0.52
1954-07-01,12.85
1954-08-01,-1.72
1954-09-01,40.16
1954-10-01,0.33
1954-11-01,-84.47
1954-12-01,-1.35
1955-01-01,43.55
1955-02-01,-70.81
1955-03-01,-14.23
1955-04-01,-9.47
1955-05-01,35.4
1955-06-01,9.0
1955-07-01,-12.88
1955-08-01,17.89
1955-09-01,27.22
1955-10-01,88.27
1955-11-01,-0.36
1955-12-01,-48.09
1956-01-01,6.46
1956-02-01,-44.5
1956-03-01,10.28
1956-04-01,-9.2
1956-05-01,51.96
1956-06-01,22.44
1956-07-01,17.74
1956-08-01,-3.71
1956-09-01,-2.44
1956-10-01,87.65
1956-11-01,26.76
1956-12-01,-29.65
1957-01-01,137.03
1957-02-01,-36.94
1957-03-01,-4.66
1957-04-01,-14.99
1957-05-01,6.79
1957-06-01,-1.63
1957-07-01,9.18
1957-08-01,5.93
1957-09-01,-20.65
1957-10-01,-10.99
1957-11-01,-7.13
1957-12-01,-9.98
1958-01-01,-14.81
1958-02-01,-24.62
1958-03-01,-39.74
1958-04-01,-9.81
1958-05-01,23.96
1958-06-01,-12.25
1958-07-01,8.72
1958-08-01,29.94
1958-09-01,25.15
1958-10-01,38.15
1958-11-01,-2.86
1958-12-01,-8.79
1959-01-01,90.31
1959-02-01,13.65
1959-03-01,-20.79
1959-04-01,-23.15
1959-05-01,20.63
1959-06-01,6.7
1959-07-01,33.66
1959-08-01,-0.68
1959-09-01,41.35
1959-10-01,48.79
1959-11-01,-16.88
1959-12-01,-50.81
1960-01-01,-1.66
1960-02-01,-74.3
1960-03-01,14.83
1960-04-01,-39.08
1960-05-01,26.13
1960-06-01,-4.93
1960-07-01,11.79
1960-08-01,-9.27
1960-09-01,18.21
1960-10-01,-9.25
1960-11-01,17.98
1960-12-01,-42.58
1961-01-01,71.38
1961-02-01,85.33
1961-03-01,-0.68
1961-04-01,-25.79
1961-05-01,66.16
1961-06-01,14.52
1961-07-01,23.3
1961-08-01,14.37
1961-09-01,32.45
1961-10-01,50.8
1961-11-01,-28.72
1961-12-01,-15.55
1962-01-01,12.57
1962-02-01,-2.28
1962-03-01,-43.95
1962-04-01,7.58
1962-05-01,29.59
1962-06-01,-21.34
1962-07-01,3.08
1962-08-01,14.87
1962-09-01,26.88
1962-10-01,8.26
1962-11-01,-47.83
1962-12-01,126.65
1963-01-01,-26.02
1963-02-01,-40.81
1963-03-01,24.52
1963-04-01,17.07
1963-05-01,-6.07
1963-06-01,-3.72
1963-07-01,-4.36
1963-08-01,32.14
1963-09-01,0.24
1963-10-01,23.72
1963-11-01,-19.7
1963-12-01,8.12
1964-01-01,-3.16
1964-02-01,-35.88
1964-03-01,-34.51
1964-04-01,-1.27
1964-05-01,-15.32
1964-06-01,1.85
1964-07-01,20.84
1964-08-01,8.59
1964-09-01,26.09
1964-10-01,-8.91
1964-11-01,-10.56
1964-12-01,-22.05
1965-01-01,-40.24
1965-02-01,24.99
1965-03-01,-4.74
1965-04-01,-0.65
1965-05-01,-20.15
1965-06-01,-21.32
1965-07-01,-2.77
1965-08-01,-16.97
1965-09-01,-21.08
1965-10-01,-53.59
1965-11-01,-37.44
1965-12-01,156.76
1966-01-01,-9.32
1966-02-01,-8.04
1966-03-01,-37.19
1966-04-01,-27.01
1966-05-01,-10.7
1966-06-01,-5.54
1966-07-01,-5.19
1966-08-01,-18.22
1966-09-01,-5.94
1966-10-01,-20.46
1966-11-01,71.62
1966-12-01,51.15
1967-01-01,-8.79
1967-02-01,-46.47
1967-03-01,104.33
1967-04-01,-28.38
1967-05-01,-19.2
1967-06-01,-12.86
1967-07-01,14.09
1967-08-01,0.7
1967-09-01,-4.45
1967-10-01,-35.11
1967-11-01,-63.8
1967-12-01,174.52
1968-01-01,67.18
1968-02-01,-9.02
1968-03-01,1.2
1968-04-01,-11.9
1968-05-01,-30.63
1968-06-01,-2.92
1968-07-01,17.28
1968-08-01,-21.11
1968-09-01,-15.93
1968-10-01,-11.26
1968-11-01,-30.88
1968-12-01,-17.46
1969-01-01,-11.28
1969-02-01,-44.99
1969-03-01,-32.87
1969-04-01,-3.39
1969-05-01,-2.35
1969-06-01,-18.53
1969-07-01,10.07
1969-08-01,2.55
1969-09-01,11.85
1969-10-01,-29.4
1969-11-01,23.91
1969-12-01,-1.39
1970-01-01,51.36
1970-02-01,27.95
1970-03-01,-23.45
1970-04-01,-19.16
1970-05-01,13.26
1970-06-01,18.38
1970-07-01,-3.89
1970-08-01,25.23
1970-09-01,24.62
1970-10-01,-0.2
1970-11-01,-27.99
1970-12-01,-57.52
1971-01-01,6.93
1971-02-01,3.57
1971-03-01,-55.78
1971-04-01,33.18
1971-05-01,28.71
1971-06-01,30.62
1971-07-01,-5.97
1971-08-01,5.12
1971-09-01,-6.06
1971-10-01,25.67
1971-11-01,-44.91
1971-12-01,-3.42
1972-01-01,-47.28
1972-02-01,16.11
1972-03-01,-39.91
1972-04-01,-1.48
1972-05-01,-5.46
1972-06-01,-21.88
1972-07-01,-20.91
1972-08-01,-20.6
1972-09-01,-22.69
1972-10-01,-13.18
1972-11-01,7.55
1972-12-01,34.16
1973-01-01,8.17
1973-02-01,-4.18
1973-03-01,-36.86
1973-04-01,-29.18
1973-05-01,-7.5
1973-06-01,-6.23
1973-07-01,-8.15
1973-08-01,16.22
1973-09-01,1.81
1973-10-01,34.93
1973-11-01,-20.79
1973-12-01,41.24
1974-01-01,-17.27
1974-02-01,-49.11
1974-03-01,-25.02
1974-04-01,7.06
1974-05-01,3.83
1974-06-01,-27.78
1974-07-01,7.7
1974-08-01,-4.99
1974-09-01,-5.03
1974-10-01,25.84
1974-11-01,-48.5
1974-12-01,-40.71
1975-01-01,36.81
1975-02-01,-12.69
1975-03-01,-15.45
1975-04-01,-26.81
1975-05-01,-13.57
1975-06-01,11.77
1975-07-01,4.94
1975-08-01,9.6
1975-09-01,38.82
1975-10-01,50.93
1975-11-01,-2.56
1975-12-01,-63.01
1976-01-01,-44.11
1976-02-01,0.85
1976-03-01,-18.49
1976-04-01,2.31
1976-05-01,-20.12
1976-06-01,-10.06
1976-07-01,6.17
1976-08-01,11.75
1976-09-01,-16.89
1976-10-01,-50.87
1976-11-01,74.58
1976-12-01,-11.92
1977-01-01,14.49
1977-02-01,-43.78
1977-03-01,-44.55
1977-04-01,67.25
1977-05-01,28.29
1977-06-01,6.66
1977-07-01,15.27
1977-08-01,-6.92
1977-09-01,-11.04
1977-10-01,14.53
1977-11-01,103.07
1977-12-01,-8.04
1978-01-01,-17.26
1978-02-01,20.34
1978-03-01,41.87
1978-04-01,-10.95
1978-05-01,13.8
1978-06-01,28.03
1978-07-01,2.67
1978-08-01,6.05
1978-09-01,-3.1
1978-10-01,-32.94
1978-11-01,53.79
1978-12-01,-0.95
1979-01-01,28.08
1979-02-01,48.85
1979-03-01,-13.13
1979-04-01,-44.74
1979-05-01,-34.09
1979-06-01,-16.35
1979-07-01,-10.04
1979-08-01,-19.22
1979-09-01,-14.23
1979-10-01,-28.82
1979-11-01,110.58
1979-12-01,-15.09
1980-01-01,-29.49
1980-02-01,-13.1
1980-03-01,11.37
1980-04-01,-5.35
1980-05-01,-1.1
1980-06-01,27.44
1980-07-01,5.5
1980-08-01,8.5
1980-09-01,-17.57
1980-10-01,-28.27
1980-11-01,-23.0
1980-12-01,81.72
1981-01-01,60.22
1981-02-01,-9.34
1981-03-01,52.95
1981-04-01,-0.99
1981-05-01,3.24
1981-06-01,0.97
1981-07-01,6.28
1981-08-01,-0.7
1981-09-01,14.75
1981-10-01,-38.41
1981-11-01,-2.99
1981-12-01,7.18
1982-01-01,30.25
1982-02-01,-0.12
1982-03-01,54.84
1982-04-01,24.59
1982-05-01,-15.5
1982-06-01,-13.99
1982-07-01,-12.11
1982-08-01,9.55
1982-09-01,-25.61
1982-10-01,-37.24
1982-11-01,31.6
1982-12-01,-27.87
1983-01-01,11.35
1983-02-01,3.86
1983-03-01,29.41
1983-04-01,28.79
1983-05-01,0.12
1983-06-01,-11.84
1983-07-01,0.78
1983-08-01,24.73
1983-09-01,51.02
1983-10-01,3.22
1983-11-01,-50.23
1983-12-01,38.88
1984-01-01,31.22
1984-02-01,83.16
1984-03-01,-12.62
1984-04-01,17.79
1984-05-01,-10.9
1984-06-01,15.58
1984-07-01,3.78
1984-08-01,-9.98
1984-09-01,-14.04
1984-10-01,-7.84
1984-11-01,-47.02
1984-12-01,38.45
1985-01-01,26.5
1985-02-01,-54.11
1985-03-01,-22.02
1985-04-01,-6.3
1985-05-01,-2.56
1985-06-01,3.79
1985-07-01,-3.53
1985-08-01,-9.13
1985-09-01,-12.35
1985-10-01,35.94
1985-11-01,-36.52
1985-12-01,44.77
1986-01-01,-17.91
1986-02-01,42.75
1986-03-01,-17.47
1986-04-01,11.21
1986-05-01,-25.72
1986-06-01,4.8
1986-07-01,-17.05
1986-08-01,-8.8
1986-09-01,-17.44
1986-10-01,-10.89
1986-11-01,35.44
1986-12-01,32.51
1987-01-01,-13.02
1987-02-01,-12.0
1987-03-01,-11.42
1987-04-01,1.31
1987-05-01,-14.54
1987-06-01,-16.94
1987-07-01,-24.76
1987-08-01,3.54
1987-09-01,-9.4
1987-10-01,15.9
1987-11-01,33.7
1987-12-01,83.03
1988-01-01,-56.88
1988-02-01,20.0
1988-03-01,69.25
1988-04-01,9.91
1988-05-01,8.64
1988-06-01,-10.07
1988-07-01,32.39
1988-08-01,20.6
1988-09-01,39.71
1988-10-01,-29.88
1988-11-01,-18.12
1988-12-01,0.49
1989-01-01,4.79
1989-02-01,-36.81
1989-03-01,-8.99
1989-04-01,-14.3
1989-05-01,-11.78
1989-06-01,9.37
1989-07-01,4.54
1989-08-01,-7.38
1989-09-01,1.25
1989-10-01,-22.87
1989-11-01,-31.03
1989-12-01,-16.65
1990-01-01,-27.55
1990-02-01,87.01
1990-03-01,68.56
1990-04-01,4.38
1990-05-01,77.81
1990-06-01,7.34
1990-07-01,0.69
1990-08-01,16.89
1990-09-01,10.81
1990-10-01,23.7
1990-11-01,6.62
1990-12-01,28.02
1991-01-01,-23.19
1991-02-01,-0.99
1991-03-01,-9.63
1991-04-01,16.61
1991-05-01,-1.6
1991-06-01,15.28
1991-07-01,4.49
1991-08-01,2.31
1991-09-01,-15.76
1991-10-01,-14.98
1991-11-01,-15.8
1991-12-01,8.21
1992-01-01,13.19
1992-02-01,-13.88
1992-03-01,-24.66
1992-04-01,-45.34
1992-05-01,-14.57
1992-06-01,-11.74
1992-07-01,-3.81
1992-08-01,13.85
1992-09-01,-5.1
1992-10-01,-15.85
1992-11-01,22.4
1992-12-01,-73.77
1993-01-01,-0.78
1993-02-01,5.48
1993-03-01,38.06
1993-04-01,-29.65
1993-05-01,-0.95
1993-06-01,-6.1
1993-07-01,12.64
1993-08-01,-17.34
1993-09-01,20.88
1993-10-01,22.32
1993-11-01,-1.86
1993-12-01,4.08
1994-01-01,31.84
1994-02-01,28.69
1994-03-01,3.79
1994-04-01,24.5
1994-05-01,-17.87
1994-06-01,15.61
1994-07-01,21.28
1994-08-01,7.04
1994-09-01,-9.35
1994-10-01,8.08
1994-11-01,-15.21
1994-12-01,-31.89
1995-01-01,105.61
1995-02-01,21.22
1995-03-01,-9.31
1995-04-01,-5.96
1995-05-01,20.97
1995-06-01,-13.58
1995-07-01,15.06
1995-08-01,8.49
1995-09-01,14.48
1995-10-01,-0.45
1995-11-01,30.03
1995-12-01,-57.83
1996-01-01,31.44
1996-02-01,0.71
1996-03-01,-2.49
1996-04-01,-18.47
1996-05-01,-17.46
1996-06-01,3.88
1996-07-01,-2.22
1996-08-01,7.73
1996-09-01,-4.05
1996-10-01,23.35
1996-11-01,-47.8
1996-12-01,33.63
1997-01-01,-21.56
1997-02-01,-54.77
1997-03-01,-0.8
1997-04-01,3.78
1997-05-01,-29.49
1997-06-01,-0.62
1997-07-01,9.36
1997-08-01,4.84
1997-09-01,-9.22
1997-10-01,-26.67
1997-11-01,70.06
1997-12-01,172.1
1998-01-01,-4.05
1998-02-01,27.53
1998-03-01,50.22
1998-04-01,-6.51
1998-05-01,-17.66
1998-06-01,5.29
1998-07-01,2.61
1998-08-01,0.98
1998-09-01,26.36
1998-10-01,50.76
1998-11-01,20.76
1998-12-01,5.48
1999-01-01,-2.14
1999-02-01,-50.43
1999-03-01,-67.26
1999-04-01,-30.96
1999-05-01,54.23
1999-06-01,1.58
1999-07-01,2.32
1999-08-01,-16.37
1999-09-01,1.31
1999-10-01,57.0
1999-11-01,-47.21
1999-12-01,-52.88
2000-01-01,17.95
2000-02-01,29.42
2000-03-01,-18.59
2000-04-01,8.87
2000-05-01,24.71
2000-06-01,8.01
2000-07-01,-10.36
2000-08-01,-3.61
2000-09-01,-16.36
2000-10-01,-33.29
2000-11-01,-51.43
2000-12-01,-35.18
2001-01-01,-38.07
2001-02-01,-48.66
2001-03-01,-12.28
2001-04-01,23.16
2001-05-01,15.45
2001-06-01,15.23
2001-07-01,-9.11
2001-08-01,-16.34
2001-09-01,-28.22
2001-10-01,25.53
2001-11-01,-28.41
2001-12-01,-53.78
2002-01-01,2.52
2002-02-01,-7.73
2002-03-01,-12.76
2002-04-01,11.81
2002-05-01,0.68
2002-06-01,-1.59
2002-07-01,-45.27
2002-08-01,-4.59
2002-09-01,-19.63
2002-10-01,-15.37
2002-11-01,-35.07
2002-12-01,-54.9
2003-01-01,-45.88
2003-02-01,64.85
2003-03-01,33.81
2003-04-01,-9.01
2003-05-01,-37.57
2003-06-01,-1.26
2003-07-01,6.68
2003-08-01,-8.9
2003-09-01,-4.23
2003-10-01,22.13
2003-11-01,-56.51
2003-12-01,-15.8
2004-01-01,33.66
2004-02-01,-55.76
2004-03-01,-50.66
2004-04-01,26.16
2004-05-01,38.52
2004-06-01,-2.59
2004-07-01,-13.58
2004-08-01,-1.62
2004-09-01,-22.25
2004-10-01,10.24
2004-11-01,-39.53
2004-12-01,-73.15
2005-01-01,86.87
2005-02-01,62.19
2005-03-01,45.6
2005-04-01,3.91
2005-05-01,-23.71
2005-06-01,-11.44
2005-07-01,16.86
2005-08-01,-20.47
2005-09-01,24.95
2005-10-01,23.65
2005-11-01,-1.59
2005-12-01,3.33
2006-01-01,-23.81
2006-02-01,-56.16
2006-03-01,22.94
2006-04-01,-14.79
2006-05-01,43.98
2006-06-01,-8.92
2006-07-01,0.81
2006-08-01,5.15
2006-09-01,11.49
2006-10-01,-18.91
2006-11-01,-6.01
2006-12-01,-39.53
2007-01-01,-84.9
2007-02-01,63.44
2007-03-01,1.77
2007-04-01,-2.78
2007-05-01,-15.42
2007-06-01,18.71
2007-07-01,7.85
2007-08-01,6.98
2007-09-01,42.32
2007-10-01,-19.99
2007-11-01,-41.33
2007-12-01,3.43
2008-01-01,20.34
2008-02-01,-16.53
2008-03-01,79.03
2008-04-01,-6.89
2008-05-01,-18.42
2008-06-01,13.88
2008-07-01,-12.88
2008-08-01,5.81
2008-09-01,1.27
2008-10-01,-25.44
2008-11-01,-18.49
2008-12-01,-28.92
2009-01-01,-48.93
2009-02-01,-50.1
2009-03-01,-39.28
2009-04-01,-29.48
2009-05-01,-6.7
2009-06-01,-39.83
2009-07-01,1.77
2009-08-01,-24.1
2009-09-01,-8.17
2009-10-01,-1.89
2009-11-01,48.31
2009-12-01,-15.57
2010-01-01,-38.14
2010-02-01,-39.77
2010-03-01,-34.05
2010-04-01,13.36
2010-05-01,1.28
2010-06-01,-11.05
2010-07-01,7.31
2010-08-01,5.34
2010-09-01,16.56
2010-10-01,0.33
2010-11-01,83.44
2010-12-01,60.17
2011-01-01,-11.13
2011-02-01,6.84
2011-03-01,-1.46
2011-04-01,13.38
2011-05-01,-16.07
2011-06-01,5.85
2011-07-01,-6.51
2011-08-01,13.49
2011-09-01,18.75
2011-10-01,-43.91
2011-11-01,-27.01
2011-12-01,-29.43
2012-01-01,68.85
2012-02-01,-54.65
2012-03-01,-57.76
2012-04-01,33.88
2012-05-01,-41.07
2012-06-01,-19.53
2012-07-01,-12.26
2012-08-01,2.16
2012-09-01,23.49
2012-10-01,-19.56
2012-11-01,-5.27
2012-12-01,-26.11
2013-01-01,-24.97
2013-02-01,71.57
2013-03-01,-37.92
2013-04-01,-27.36
2013-05-01,-2.89
2013-06-01,30.57
2013-07-01,10.68
2013-08-01,-8.92
2013-09-01,-5.73
2013-10-01,52.03
2013-11-01,-33.04
2013-12-01,-51.87
2014-01-01,0.27
2014-02-01,20.35
2014-03-01,4.57
2014-04-01,-49.31
2014-05-01,6.74
2014-06-01,-37.55
2014-07-01,-7.99
2014-08-01,0.34
2014-09-01,4.33
2014-10-01,-14.81
2014-11-01,-48.39
2014-12-01,-11.77
2015-01-01,18.07
2015-02-01,-21.05
2015-03-01,83.73
2015-04-01,75.22
2015-05-01,-11.42
2015-06-01,5.08
2015-07-01,-19.83
2015-08-01,-18.78
2015-09-01,-16.87
2015-10-01,-35.72
2015-11-01,35.83
2015-12-01,16.85
2016-01-01,-36.47
2016-02-01,-50.6
2016-03-01,-2.9
2016-04-01,-26.64
2016-05-01,-1.09
2016-06-01,-5.92
2016-07-01,3.91
2016-08-01,-16.44
2016-09-01,4.35
2016-10-01,-30.65
2016-11-01,-64.62
2016-12-01,29.75
2017-01-01,58.48
2017-02-01,-55.97
2017-03-01,12.65
2017-04-01,13.09
2017-05-01,-11.6
2017-06-01,-1.53
2017-07-01,-2.98
2017-08-01,-3.72
2017-09-01,0.08
2017-10-01,7.95
2017-11-01,-48.22
2017-12-01,17.32
